ASX code,Full name,Web address,Announcements
RMS,RAMELIUS RESOURCES LIMITED,http://www.rameliusresources.com.au,https://www.rameliusresources.com.au/2021-asx/
WGX,WESTGOLD RESOURCES LIMITED,http://www.westgold.com.au,http://www.westgold.com.au/site/investor-centre/asx-announcements
EMR,EMERALD RESOURCES NL,http://www.emeraldresources.com.au,https://www.emeraldresources.com.au/announcements
DGO,DGO GOLD LIMITED,http://www.dgogold.com.au,https://www.dgogold.com.au/asx/
ORR,ORECORP LIMITED,http://orecorp.com.au,https://orecorp.com.au/investor-centre/asx-announcements
TGM,THETA GOLD MINES LIMITED,http://www.thetagoldmines.com,https://thetagoldmines.com/investor-centre/asx-announcements/
BDC,BARDOC GOLD LIMITED,http://www.bardocgold.com.au,https://www.bardocgold.com/announcements
GMD,GENESIS MINERALS LIMITED,http://www.genesisminerals.com.au,https://genesisminerals.com.au/announcements
GWR,GWR GROUP LIMITED,http://www.gwrgroup.com.au/,https://gwrgroup.com.au/investor-centre/asx-announcements/
TSO,TESORO RESOURCES LIMITED,https://www.tesororesources.com.au/,https://www.tesororesources.com.au/announcement-category/asx-announcements/
VAN,VANGO MINING LIMITED,http://www.vangomining.com,https://www.vangomining.com/asx-announcements-2020
AUC,AUSGOLD LIMITED,http://www.ausgoldlimited.com,http://www.ausgoldlimited.com/site/news-report/ASX-Announcements
CAY,CANYON RESOURCES LIMITED,http://www.canyonresources.com.au,https://www.canyonresources.com.au/announcement-category/asx-announcements/
ARL,ARDEA RESOURCES LIMITED,http://www.ardearesources.com.au,https://ardearesources.com.au/announcements
STN,SATURN METALS LIMITED,http://www.saturnmetals.com.au,https://saturnmetals.com.au/investor-centre/asx/
AME,ALTO METALS LIMITED,http://www.altometals.com.au,https://altometals.com.au/asx-announcements/
SIH,SIHAYO GOLD LIMITED,http://www.sihayogold.com,http://www.sihayogold.com/site/investor-centre/asx-announcements
DTR,DATELINE RESOURCES LIMITED,http://www.datelineresources.com.au,https://www.datelineresources.com.au/asx-announcements/
KRM,KINGSROSE MINING LIMITED,http://www.kingsrosemining.com.au,http://www.kingsrosemining.com.au/asx-announcements/
KAU,KAISER REEF LIMITED,http://www.kaiserreef.com.au,https://www.kaiserreef.com.au/asx-announcements
ARE,ARGONAUT RESOURCES NL,http://www.argonautresources.com,https://www.argonautresources.com/site/Investors/ASX-Announcements
SNG,SIREN GOLD LIMITED,http://www.sirengold.com.au,http://www.sirengold.com.au/site/investor-centre/ASX-Announcements
GMR,GOLDEN RIM RESOURCES LTD,http://www.goldenrim.com.au,http://www.goldenrim.com.au/site/News-and-Reports/ASX-Announcements
NXM,NEXUS MINERALS LIMITED,http://www.nexus-minerals.com,https://www.nexus-minerals.com/investor-reports/asx-announcements
ONX,ORMINEX LTD,http://orminex.com.au/,https://orminex.com.au/investor-centre/asx-announcements/
MAT,MATSA RESOURCES LIMITED,http://www.matsa.com.au,http://www.matsa.com.au/matsa/investor-centre/asx-announcements/?pType=asx_announcements
KWR,KINGWEST RESOURCES LIMITED,http://www.kingwestresources.com.au,https://www.kingwestresources.com.au/asx-announcements-2021.html
NSM,NORTH STAWELL MINERALS LTD,http://www.northstawellminerals.com,https://www.northstawellminerals.com/announcements
DCX,DISCOVEX RESOURCES LIMITED,http://www.discovexresources.com.au,http://discovexresources.com.au/index.php/asx-announcements/
LLO,LION ONE METALS LIMITED,http://www.liononemetals.com,https://liononemetals.com/investors/
DTM,DART MINING NL,http://www.dartmining.com.au,https://dartmining.com.au/asx-announcements/
NES,NELSON RESOURCES LIMITED,http://www.nelsonresources.com.au,https://nelsonresources.com.au/asxannouncements/
ODM,ODIN METALS LIMITED,http://odinmetals.com.au/,https://odinmetals.com.au/investor-resources/asx-announcements/
TMX,TERRAIN MINERALS LIMITED,http://www.terrainminerals.com.au,http://terrainminerals.com.au/investor-relations/asx-releases-reports
GED,GOLDEN DEEPS LIMITED,http://www.goldendeeps.com,https://www.goldendeeps.com/announcement-category/asx-announcements/
CDT,CASTLE MINERALS LIMITED,http://www.castleminerals.com,https://www.castleminerals.com/announcements.php
AAJ,ARUMA RESOURCES LIMITED,http://www.arumaresources.com,https://www.arumaresources.com/investors/
SFM,SANTA FE MINERALS LTD,http://www.santafeminerals.com.au,https://www.santafeminerals.com.au/investors/asx-announcements
CVS,CERVANTES CORPORATION LIMITED,http://www.cervantescorp.com.au,https://www.cervantescorp.com.au/investors/asx-annoucements/
