company name,announcement
RAMELIUS RESOURCES LIMITED,https://www.rameliusresources.com.au/wp-content/uploads/bsk-pdf-manager/2020/12/01.12.20-Exploration-Update.pdf
RAMELIUS RESOURCES LIMITED,https://www.rameliusresources.com.au/wp-content/uploads/bsk-pdf-manager/2020/06/10.06.20-Exploration-Update.pdf
RAMELIUS RESOURCES LIMITED,https://www.rameliusresources.com.au/wp-content/uploads/bsk-pdf-manager/2019/10/1988884.pdf
RAMELIUS RESOURCES LIMITED,https://www.rameliusresources.com.au/wp-content/uploads/bsk-pdf-manager/2019/07/24.07.19-Exploration-Update.pdf
RAMELIUS RESOURCES LIMITED,https://www.rameliusresources.com.au/wp-content/uploads/bsk-pdf-manager/2019/05/16.05.19-High-Grade-results-at-Symesâ€™-Find.pdf
RAMELIUS RESOURCES LIMITED,https://www.rameliusresources.com.au/wp-content/uploads/bsk-pdf-manager/2019/01/21.01.19-Stellar-High-Grade-Drilling-Update.pdf
RAMELIUS RESOURCES LIMITED,https://www.rameliusresources.com.au/wp-content/uploads/bsk-pdf-manager/2018/12/Mt-Magnet-and-Edna-May-Exploration-Update.pdf
RAMELIUS RESOURCES LIMITED,https://www.rameliusresources.com.au/wp-content/uploads/bsk-pdf-manager/20180309_Exploration_&_Resource_Development_Drilling_Update_546.pdf
RAMELIUS RESOURCES LIMITED,https://www.rameliusresources.com.au/wp-content/uploads/bsk-pdf-manager/20170915_New_Nevada_Exploration_Farm-in_&_JV_Project_514.pdf
RAMELIUS RESOURCES LIMITED,https://www.rameliusresources.com.au/wp-content/uploads/bsk-pdf-manager/20170911_Shannon_Resource_&_Exploration_Update_513.pdf
RAMELIUS RESOURCES LIMITED,https://www.rameliusresources.com.au/wp-content/uploads/bsk-pdf-manager/20170904_Exploration_&_Resource_Development_Drilling_Update_511.pdf
RAMELIUS RESOURCES LIMITED,https://www.rameliusresources.com.au/wp-content/uploads/bsk-pdf-manager/20170404_-_New_Ore_Reserves_at_Vivien_and_Mt_Magnet_&_Exploration_Update_489.pdf
RAMELIUS RESOURCES LIMITED,https://www.rameliusresources.com.au/wp-content/uploads/bsk-pdf-manager/20161219_Exploration___Resource_Development_Drilling_Update_8.pdf
RAMELIUS RESOURCES LIMITED,https://www.rameliusresources.com.au/wp-content/uploads/bsk-pdf-manager/20160404_Milky_Way_Exploration_Update_-_Mt_Magnet_WA_145.pdf
RAMELIUS RESOURCES LIMITED,https://www.rameliusresources.com.au/wp-content/uploads/bsk-pdf-manager/20150914_High_Grade_Gold_Mineralisation_Discovery_at_Mt_Magnet_166.pdf
RAMELIUS RESOURCES LIMITED,https://www.rameliusresources.com.au/wp-content/uploads/bsk-pdf-manager/20150609_Blackmans__Mt_Magnet__Maiden_Resource__Exploration_Update_184.pdf
RAMELIUS RESOURCES LIMITED,https://www.rameliusresources.com.au/wp-content/uploads/bsk-pdf-manager/20140529_High_Grade_Gold_Drilling_Results_251.pdf
RAMELIUS RESOURCES LIMITED,https://www.rameliusresources.com.au/wp-content/uploads/bsk-pdf-manager/20140221_New_Drilling_Planned_at_Vivien_and_Coogee_Projects_260.pdf
RAMELIUS RESOURCES LIMITED,https://www.rameliusresources.com.au/wp-content/uploads/bsk-pdf-manager/20120912_High_Grade_Gold_in_new_Drilling_at_Mt_Magnet_348.pdf
RAMELIUS RESOURCES LIMITED,https://www.rameliusresources.com.au/wp-content/uploads/bsk-pdf-manager/20120510_Exploration_Update_358.pdf
RAMELIUS RESOURCES LIMITED,https://www.rameliusresources.com.au/wp-content/uploads/bsk-pdf-manager/20110304_wattle_dam_drill_results_416.pdf
RAMELIUS RESOURCES LIMITED,https://www.rameliusresources.com.au/wp-content/uploads/bsk-pdf-manager/20110203_visible_gold_in_drilling_programs_421.pdf
RAMELIUS RESOURCES LIMITED,https://www.rameliusresources.com.au/wp-content/uploads/bsk-pdf-manager/20101111_significant_drilling_results_-_mt_magnet_gold_project_432.pdf
RAMELIUS RESOURCES LIMITED,https://www.rameliusresources.com.au/wp-content/uploads/bsk-pdf-manager/20101014_mt_magnet_gold_project_drilling_results_439.pdf
RAMELIUS RESOURCES LIMITED,https://www.rameliusresources.com.au/wp-content/uploads/bsk-pdf-manager/20100917_high_grade_results_at_wattle_dam_441.pdf
RAMELIUS RESOURCES LIMITED,https://www.rameliusresources.com.au/wp-content/uploads/bsk-pdf-manager/20100812_high_grade_drill_results_at_wattle_dam_449.pdf
RAMELIUS RESOURCES LIMITED,https://www.rameliusresources.com.au/wp-content/uploads/bsk-pdf-manager/20100806_ramelius_extends_miranda_exploration_agreement_450.pdf
RAMELIUS RESOURCES LIMITED,https://www.rameliusresources.com.au/wp-content/uploads/bsk-pdf-manager/20100315_preliminary_results_from_first_stoping_ore_470.pdf
RAMELIUS RESOURCES LIMITED,https://www.rameliusresources.com.au/wp-content/uploads/bsk-pdf-manager/20100202_rms_audio_broadcast_on_ramelius_increases_exploration_footprint_482.pdf
RAMELIUS RESOURCES LIMITED,https://www.rameliusresources.com.au/wp-content/uploads/bsk-pdf-manager/20100129_ramelius_increases_exploration_footprint_483.pdf
WESTGOLD RESOURCES LIMITED,https://www.westgold.com.au:443/site/PDF/ec074363-b39f-4618-92b0-f7716754251a/AURRCDrillingatForrestDeposittocommence
WESTGOLD RESOURCES LIMITED,https://www.westgold.com.au:443/site/PDF/3be48b04-6310-4ae9-899a-54bfe6c726d5/QuarterlyExplorationResults
WESTGOLD RESOURCES LIMITED,https://www.westgold.com.au:443/site/PDF/6d32aa46-8928-482f-a463-b32e8dde72cd/ExplorationHighlights30September2019Quarter
WESTGOLD RESOURCES LIMITED,https://www.westgold.com.au:443/site/PDF/ce4d9aa0-510c-481d-be95-3d2e214ab1b4/StarlightHighGradeDrillingUpdateFortnumGoldProject
WESTGOLD RESOURCES LIMITED,https://www.westgold.com.au:443/site/PDF/61b53cd7-450c-4f16-aa38-5150a4199c4b/StunningDrillResultsofNewLodesatPaddysFlat
EMERALD RESOURCES NL,http://www.emeraldresources.com.au/sites/default/files/asx-announcements/61017246.pdf
EMERALD RESOURCES NL,http://www.emeraldresources.com.au/sites/default/files/asx-announcements/61008981.pdf
EMERALD RESOURCES NL,http://www.emeraldresources.com.au/sites/default/files/asx-announcements/6994922.pdf
EMERALD RESOURCES NL,http://www.emeraldresources.com.au/sites/default/files/asx-announcements/6976604.pdf
EMERALD RESOURCES NL,http://www.emeraldresources.com.au/sites/default/files/asx-announcements/6971816.pdf
EMERALD RESOURCES NL,http://www.emeraldresources.com.au/sites/default/files/asx-announcements/6956688.pdf
EMERALD RESOURCES NL,http://www.emeraldresources.com.au/sites/default/files/asx-announcements/6952933.pdf
EMERALD RESOURCES NL,http://www.emeraldresources.com.au/sites/default/files/asx-announcements/6935441.pdf
EMERALD RESOURCES NL,http://www.emeraldresources.com.au/sites/default/files/asx-announcements/6913953.pdf
EMERALD RESOURCES NL,http://www.emeraldresources.com.au/sites/default/files/asx-announcements/6910881.pdf
EMERALD RESOURCES NL,http://www.emeraldresources.com.au/sites/default/files/asx-announcements/6905518.pdf
EMERALD RESOURCES NL,http://www.emeraldresources.com.au/sites/default/files/asx-announcements/6902576.pdf
EMERALD RESOURCES NL,http://www.emeraldresources.com.au/sites/default/files/asx-announcements/6893812.pdf
EMERALD RESOURCES NL,http://www.emeraldresources.com.au/sites/default/files/asx-announcements/6867827.pdf
EMERALD RESOURCES NL,http://www.emeraldresources.com.au/sites/default/files/asx-announcements/6866867.pdf
EMERALD RESOURCES NL,http://www.emeraldresources.com.au/sites/default/files/asx-announcements/6861882.pdf
EMERALD RESOURCES NL,http://www.emeraldresources.com.au/sites/default/files/asx-announcements/6842912.pdf
EMERALD RESOURCES NL,http://www.emeraldresources.com.au/sites/default/files/asx-announcements/6802179.pdf
EMERALD RESOURCES NL,http://www.emeraldresources.com.au/sites/default/files/asx-announcements/6800737.pdf
EMERALD RESOURCES NL,http://www.emeraldresources.com.au/sites/default/files/asx-announcements/6794665.pdf
EMERALD RESOURCES NL,http://www.emeraldresources.com.au/sites/default/files/asx-announcements/6764111.pdf
EMERALD RESOURCES NL,http://www.emeraldresources.com.au/sites/default/files/asx-announcements/6758152.pdf
EMERALD RESOURCES NL,http://www.emeraldresources.com.au/sites/default/files/asx-announcements/6744113.pdf
EMERALD RESOURCES NL,http://www.emeraldresources.com.au/sites/default/files/asx-announcements/6701909.pdf
EMERALD RESOURCES NL,http://www.emeraldresources.com.au/sites/default/files/asx-announcements/6685736.pdf
EMERALD RESOURCES NL,http://www.emeraldresources.com.au/sites/default/files/asx-announcements/6660096.pdf
EMERALD RESOURCES NL,http://www.emeraldresources.com.au/sites/default/files/asx-announcements/6636777.pdf
EMERALD RESOURCES NL,http://www.emeraldresources.com.au/sites/default/files/asx-announcements/6614559.pdf
EMERALD RESOURCES NL,http://www.emeraldresources.com.au/sites/default/files/asx-announcements/6589254.pdf
EMERALD RESOURCES NL,http://www.emeraldresources.com.au/sites/default/files/asx-announcements/6586652.pdf
EMERALD RESOURCES NL,http://www.emeraldresources.com.au/sites/default/files/asx-announcements/6566379.pdf
EMERALD RESOURCES NL,http://www.emeraldresources.com.au/sites/default/files/asx-announcements/6535818.pdf
DGO GOLD LIMITED,https://www.dgogold.com.au/wp-content/uploads/2021/03/20210304-YEV-Recommences-Mt-Magnet-Drilling.pdf
DGO GOLD LIMITED,https://www.dgogold.com.au/wp-content/uploads/2021/02/Drilling-Commences-Pernatty-and-Bryah.pdf
DGO GOLD LIMITED,https://www.dgogold.com.au/wp-content/uploads/2021/02/150221-Mt-Magnet.pdf
DGO GOLD LIMITED,https://www.dgogold.com.au/wp-content/uploads/2021/01/20210128-Bryah-Drilling-Update.pdf
DGO GOLD LIMITED,https://www.dgogold.com.au/wp-content/uploads/2020/11/20201127-Drilling-to-commence-at-Yerrida-and-Black-Flag-Copy.pdf
DGO GOLD LIMITED,https://www.dgogold.com.au/wp-content/uploads/2020/10/20201005-Bryah-Drilling-Commences.pdf
DGO GOLD LIMITED,https://www.dgogold.com.au/wp-content/uploads/2020/09/20200910-Yilgarn-Exploration-Update.pdf
DGO GOLD LIMITED,https://www.dgogold.com.au/wp-content/uploads/2020/09/20200309-Yerrida-Drilling-Update.pdf
DGO GOLD LIMITED,https://www.dgogold.com.au/wp-content/uploads/2020/06/20200626-Yerrida-Drilling-to-Commence.pdf
DGO GOLD LIMITED,https://www.dgogold.com.au/wp-content/uploads/2020/06/20200604-Mallina-Drilling-Complete.pdf
DGO GOLD LIMITED,https://www.dgogold.com.au/wp-content/uploads/2020/04/27042020-Bryah-Drilling-Update.pdf
DGO GOLD LIMITED,https://www.dgogold.com.au/wp-content/uploads/2020/04/20200416-Mallina-Drilling-to-Commence.pdf
DGO GOLD LIMITED,https://www.dgogold.com.au/wp-content/uploads/2020/03/20200227-Bryah-Drilling-to-Commence.pdf
DGO GOLD LIMITED,https://www.dgogold.com.au/wp-content/uploads/2020/02/20200207-DGO-Coziron-results-highlight-Mallina-potential.pdf
DGO GOLD LIMITED,https://www.dgogold.com.au/wp-content/uploads/2020/02/20200206-DGO-DEG-Hemi-Results.pdf
DGO GOLD LIMITED,https://www.dgogold.com.au/wp-content/uploads/2020/01/20200130-DGO-Black-Flag-Followup-Drilling.pdf
DGO GOLD LIMITED,https://www.dgogold.com.au/wp-content/uploads/2020/01/Drilling-Targets-Idenitified-Below-The-Lake-East-of-St-Ives.pdf
DGO GOLD LIMITED,https://www.dgogold.com.au/wp-content/uploads/2020/04/20191108-Further-significant-drilling-results-at-Black-Flag.pdf
DGO GOLD LIMITED,https://www.dgogold.com.au/wp-content/uploads/2019/10/Significant-Drilling-Results-at-Black-Flag.pdf
DGO GOLD LIMITED,https://www.dgogold.com.au/wp-content/uploads/2019/09/DGO-Black-Flag-Drilling-Commencement-02092019.pdf
DGO GOLD LIMITED,https://www.dgogold.com.au/wp-content/uploads/2020/04/20180426-Exploration-Update.pdf
DGO GOLD LIMITED,https://www.dgogold.com.au/wp-content/uploads/2018/11/20171024-DGO-Pilbara-Sediment-Hosted-Gold-Exploration-Updated.pdf
DGO GOLD LIMITED,https://www.dgogold.com.au/wp-content/uploads/2018/11/20170315-Sediment-Hosted-Copper-Cobalt-Exploration-Licence-1.pdf
DGO GOLD LIMITED,https://www.dgogold.com.au/wp-content/uploads/2018/11/20161215-DGO-Commencement-of-Drilling-at-Black-Flag.pdf
ORA BANDA MINING LTD,https://www.orabandamining.com.au/download/001_egs_asx-announcement_lights-of-israel_10-august-2016-v2-pdf/
ORECORP LIMITED,http://orecorp.com.au/upload/documents/InvestorRelations/Announcements/210308-HobbesFinalRCDrillingResults.pdf
ORECORP LIMITED,http://orecorp.com.au/upload/documents/InvestorRelations/Announcements/210205-HobbesRCDrillingFirstAssayResults_Final.pdf
ORECORP LIMITED,http://orecorp.com.au/upload/documents/InvestorRelations/Announcements/201217-HOB_RC_DrillingCommences_Final.pdf
THETA GOLD MINES LIMITED,http://thetagoldmines.com/wp-content/uploads/2018/06/2018-06-18-Resource-Drilling-Continues-at-Theta-Hill.pdf
THETA GOLD MINES LIMITED,http://thetagoldmines.com/wp-content/uploads/2018/05/2018-05-22-Exploration-Update.pdf
THETA GOLD MINES LIMITED,http://thetagoldmines.com/wp-content/uploads/2018/05/2018-05-10-126-grams-per-tonne-Au-From-Drilling-at-Theta-Hill.pdf
THETA GOLD MINES LIMITED,http://thetagoldmines.com/wp-content/uploads/2018/03/2018-03-14-Diamond-Drilling-Commenced-at-Theta-Hill.pdf
THETA GOLD MINES LIMITED,http://thetagoldmines.com/wp-content/uploads/2018/04/090318_SWJ_VaalhoekResource.pdf
THETA GOLD MINES LIMITED,http://thetagoldmines.com/wp-content/uploads/2018/02/2018-02-28_Theta-Hill-Drilling-Results-and-TGME-Project-Update.pdf
THETA GOLD MINES LIMITED,http://thetagoldmines.com/wp-content/uploads/2018/02/2018-02-06_Drilling-recommenced-at-Theta-Hill.pdf
THETA GOLD MINES LIMITED,http://thetagoldmines.com/wp-content/uploads/2018/01/2018-01-16_New-High-Grade-Discovery-at-Columbia-Hill.pdf
THETA GOLD MINES LIMITED,http://thetagoldmines.com/wp-content/uploads/2017/12/2017-12-21_Theta-Drilling-Results.pdf
THETA GOLD MINES LIMITED,http://thetagoldmines.com/wp-content/uploads/2017/12/2017-12-08-Exploration-Update.pdf
THETA GOLD MINES LIMITED,http://thetagoldmines.com/wp-content/uploads/2017/11/2017-11-22-Theta-Hill-Drilling-Commenced.pdf
THETA GOLD MINES LIMITED,http://thetagoldmines.com/wp-content/uploads/2016/11/310713__discovery_of_significant.pdf
THETA GOLD MINES LIMITED,http://thetagoldmines.com/wp-content/uploads/2016/11/310713__discovery_of_new_potential_mineralised.pdf
THETA GOLD MINES LIMITED,http://thetagoldmines.com/wp-content/uploads/2016/11/111212__stonewall_commences_drilling.pdf
BARDOC GOLD LIMITED,https://www.bardocgold.com/sites/default/files/asx-announcements/61019237.pdf
BARDOC GOLD LIMITED,https://www.bardocgold.com/sites/default/files/asx-announcements/61008020.pdf
BARDOC GOLD LIMITED,https://www.bardocgold.com/sites/default/files/asx-announcements/61007826.pdf
BARDOC GOLD LIMITED,https://www.bardocgold.com/sites/default/files/asx-announcements/6995852.pdf
BARDOC GOLD LIMITED,https://www.bardocgold.com/sites/default/files/asx-announcements/6991158.pdf
BARDOC GOLD LIMITED,https://www.bardocgold.com/sites/default/files/asx-announcements/6987548.pdf
BARDOC GOLD LIMITED,https://www.bardocgold.com/sites/default/files/asx-announcements/6978176.pdf
BARDOC GOLD LIMITED,https://www.bardocgold.com/sites/default/files/asx-announcements/6976085.pdf
BARDOC GOLD LIMITED,https://www.bardocgold.com/sites/default/files/asx-announcements/6974705.pdf
BARDOC GOLD LIMITED,https://www.bardocgold.com/sites/default/files/asx-announcements/6969418.pdf
BARDOC GOLD LIMITED,https://www.bardocgold.com/sites/default/files/asx-announcements/6962776.pdf
BARDOC GOLD LIMITED,https://www.bardocgold.com/sites/default/files/asx-announcements/6961263.pdf
BARDOC GOLD LIMITED,https://www.bardocgold.com/sites/default/files/asx-announcements/6957679.pdf
BARDOC GOLD LIMITED,https://www.bardocgold.com/sites/default/files/asx-announcements/6942629.pdf
BARDOC GOLD LIMITED,https://www.bardocgold.com/sites/default/files/asx-announcements/BDC%20ASX%20Zoroastrian%2030%20July%202019%20Final.pdf
BARDOC GOLD LIMITED,https://www.bardocgold.com/sites/default/files/asx-announcements/6936981.pdf
BARDOC GOLD LIMITED,https://www.bardocgold.com/sites/default/files/asx-announcements/6935440.pdf
BARDOC GOLD LIMITED,https://www.bardocgold.com/sites/default/files/asx-announcements/6934601.pdf
BARDOC GOLD LIMITED,https://www.bardocgold.com/sites/default/files/asx-announcements/6933146.pdf
BARDOC GOLD LIMITED,https://www.bardocgold.com/sites/default/files/asx-announcements/6932620.pdf
BARDOC GOLD LIMITED,https://www.bardocgold.com/sites/default/files/asx-announcements/6932034.pdf
BARDOC GOLD LIMITED,https://www.bardocgold.com/sites/default/files/asx-announcements/6927152.pdf
BARDOC GOLD LIMITED,https://www.bardocgold.com/sites/default/files/asx-announcements/6923842.pdf
BARDOC GOLD LIMITED,https://www.bardocgold.com/sites/default/files/asx-announcements/6919681.pdf
BARDOC GOLD LIMITED,https://www.bardocgold.com/sites/default/files/asx-announcements/6911531.pdf
BARDOC GOLD LIMITED,https://www.bardocgold.com/sites/default/files/asx-announcements/6911305.pdf
BARDOC GOLD LIMITED,https://www.bardocgold.com/sites/default/files/asx-announcements/6905112.pdf
BARDOC GOLD LIMITED,https://www.bardocgold.com/sites/default/files/asx-announcements/6900038.pdf
BARDOC GOLD LIMITED,https://www.bardocgold.com/sites/default/files/asx-announcements/6897899.pdf
BARDOC GOLD LIMITED,https://www.bardocgold.com/sites/default/files/asx-announcements/6894823.pdf
BARDOC GOLD LIMITED,https://www.bardocgold.com/sites/default/files/asx-announcements/6892530.pdf
BARDOC GOLD LIMITED,https://www.bardocgold.com/sites/default/files/asx-announcements/6889617.pdf
BARDOC GOLD LIMITED,https://www.bardocgold.com/sites/default/files/asx-announcements/6885615.pdf
BARDOC GOLD LIMITED,https://www.bardocgold.com/sites/default/files/asx-announcements/6884211.pdf
BARDOC GOLD LIMITED,https://www.bardocgold.com/sites/default/files/asx-announcements/6877680.pdf
BARDOC GOLD LIMITED,https://www.bardocgold.com/sites/default/files/asx-announcements/6871330.pdf
BARDOC GOLD LIMITED,https://www.bardocgold.com/sites/default/files/asx-announcements/6862560.pdf
BARDOC GOLD LIMITED,https://www.bardocgold.com/sites/default/files/asx-announcements/6861065.pdf
BARDOC GOLD LIMITED,https://www.bardocgold.com/sites/default/files/asx-announcements/6860130.pdf
BARDOC GOLD LIMITED,https://www.bardocgold.com/sites/default/files/asx-announcements/6853937.pdf
BARDOC GOLD LIMITED,https://www.bardocgold.com/sites/default/files/asx-announcements/6841475_0.pdf
BARDOC GOLD LIMITED,https://www.bardocgold.com/sites/default/files/asx-announcements/6822115.pdf
BARDOC GOLD LIMITED,https://www.bardocgold.com/sites/default/files/asx-announcements/6821097.pdf
BARDOC GOLD LIMITED,https://www.bardocgold.com/sites/default/files/asx-announcements/6799607.pdf
BARDOC GOLD LIMITED,https://www.bardocgold.com/sites/default/files/asx-announcements/6799299.pdf
BARDOC GOLD LIMITED,https://www.bardocgold.com/sites/default/files/asx-announcements/6793513.pdf
BARDOC GOLD LIMITED,https://www.bardocgold.com/sites/default/files/asx-announcements/6757981.pdf
GENESIS MINERALS LIMITED,http://www.genesisminerals.com.au/downloads/announcements/gmd2021040901.pdf
GENESIS MINERALS LIMITED,http://www.genesisminerals.com.au/downloads/announcements/gmd2021032901.pdf
GENESIS MINERALS LIMITED,http://www.genesisminerals.com.au/downloads/announcements/gmd2020112702.pdf
GENESIS MINERALS LIMITED,http://www.genesisminerals.com.au/downloads/announcements/gmd2020110901.pdf
GENESIS MINERALS LIMITED,http://www.genesisminerals.com.au/downloads/announcements/gmd2020102101.pdf
GENESIS MINERALS LIMITED,http://www.genesisminerals.com.au/downloads/announcements/gmd2020092901.pdf
GENESIS MINERALS LIMITED,http://www.genesisminerals.com.au/downloads/announcements/gmd2020091502.pdf
GENESIS MINERALS LIMITED,http://www.genesisminerals.com.au/downloads/announcements/gmd2020090401.pdf
GENESIS MINERALS LIMITED,http://www.genesisminerals.com.au/downloads/announcements/gmd2020083101.pdf
GENESIS MINERALS LIMITED,http://www.genesisminerals.com.au/downloads/announcements/gmd2020072301.pdf
GENESIS MINERALS LIMITED,http://www.genesisminerals.com.au/downloads/announcements/gmd2019112902.pdf
GENESIS MINERALS LIMITED,http://www.genesisminerals.com.au/downloads/announcements/gmd2019111901.pdf
GENESIS MINERALS LIMITED,http://www.genesisminerals.com.au/downloads/announcements/gmd2019102201.pdf
GENESIS MINERALS LIMITED,http://www.genesisminerals.com.au/downloads/announcements/gmd2019091701.pdf
GENESIS MINERALS LIMITED,http://www.genesisminerals.com.au/downloads/announcements/gmd2019090901.pdf
GENESIS MINERALS LIMITED,http://www.genesisminerals.com.au/downloads/announcements/gmd2019081501.pdf
GENESIS MINERALS LIMITED,http://www.genesisminerals.com.au/downloads/announcements/gmd2019040201.pdf
GENESIS MINERALS LIMITED,http://www.genesisminerals.com.au/downloads/announcements/gmd2019011401.pdf
GENESIS MINERALS LIMITED,http://www.genesisminerals.com.au/downloads/announcements/gmd2018112601.pdf
GENESIS MINERALS LIMITED,http://www.genesisminerals.com.au/downloads/announcements/gmd2018110701.pdf
GENESIS MINERALS LIMITED,http://www.genesisminerals.com.au/downloads/announcements/gmd2018062801.pdf
GENESIS MINERALS LIMITED,http://www.genesisminerals.com.au/downloads/announcements/gmd2018052901.pdf
GENESIS MINERALS LIMITED,http://www.genesisminerals.com.au/downloads/announcements/gmd2018041301.pdf
GENESIS MINERALS LIMITED,http://www.genesisminerals.com.au/downloads/announcements/gmd2018040901.pdf
GENESIS MINERALS LIMITED,http://www.genesisminerals.com.au/downloads/announcements/gmd2018012501.pdf
GENESIS MINERALS LIMITED,http://www.genesisminerals.com.au/downloads/announcements/gmd2017120701.pdf
GENESIS MINERALS LIMITED,http://www.genesisminerals.com.au/downloads/announcements/gmd2017120401.pdf
GENESIS MINERALS LIMITED,http://www.genesisminerals.com.au/downloads/announcements/gmd2017113002.pdf
GENESIS MINERALS LIMITED,http://www.genesisminerals.com.au/downloads/announcements/gmd2017111001.pdf
GENESIS MINERALS LIMITED,http://www.genesisminerals.com.au/downloads/announcements/gmd2017082101.pdf
GENESIS MINERALS LIMITED,http://www.genesisminerals.com.au/downloads/announcements/gmd2017072001.pdf
GENESIS MINERALS LIMITED,http://www.genesisminerals.com.au/downloads/announcements/gmd2017070301.pdf
GENESIS MINERALS LIMITED,http://www.genesisminerals.com.au/downloads/announcements/gmd2017061501.pdf
GENESIS MINERALS LIMITED,http://www.genesisminerals.com.au/downloads/announcements/gmd2017051801.pdf
GENESIS MINERALS LIMITED,http://www.genesisminerals.com.au/downloads/announcements/gmd2017041201.pdf
GENESIS MINERALS LIMITED,http://www.genesisminerals.com.au/downloads/announcements/gmd2017032301.pdf
GENESIS MINERALS LIMITED,http://www.genesisminerals.com.au/downloads/announcements/gmd2017022001.pdf
GENESIS MINERALS LIMITED,http://www.genesisminerals.com.au/downloads/announcements/gmd2016121301.pdf
GENESIS MINERALS LIMITED,http://www.genesisminerals.com.au/downloads/announcements/gmd2016113002.pdf
GENESIS MINERALS LIMITED,http://www.genesisminerals.com.au/downloads/announcements/gmd2016110901.pdf
GENESIS MINERALS LIMITED,http://www.genesisminerals.com.au/downloads/announcements/gmd2016102401.pdf
GENESIS MINERALS LIMITED,http://www.genesisminerals.com.au/downloads/announcements/gmd2016100302.pdf
GENESIS MINERALS LIMITED,http://www.genesisminerals.com.au/downloads/announcements/gmd2016062702.pdf
GENESIS MINERALS LIMITED,http://www.genesisminerals.com.au/downloads/announcements/gmd2016062701.pdf
GENESIS MINERALS LIMITED,http://www.genesisminerals.com.au/downloads/announcements/gmd2016031801.pdf
GENESIS MINERALS LIMITED,http://www.genesisminerals.com.au/downloads/announcements/gmd20151221.pdf
GENESIS MINERALS LIMITED,http://www.genesisminerals.com.au/downloads/announcements/gmd20151130.pdf
GENESIS MINERALS LIMITED,http://www.genesisminerals.com.au/downloads/announcements/gmd20151111.pdf
GENESIS MINERALS LIMITED,http://www.genesisminerals.com.au/downloads/announcements/gmd20151028.pdf
GENESIS MINERALS LIMITED,http://www.genesisminerals.com.au/downloads/announcements/gmd20141208.pdf
GENESIS MINERALS LIMITED,http://www.genesisminerals.com.au/downloads/announcements/gmd20141128.pdf
GENESIS MINERALS LIMITED,http://www.genesisminerals.com.au/downloads/announcements/gmd20141127.pdf
GENESIS MINERALS LIMITED,http://www.genesisminerals.com.au/downloads/announcements/gmd20141023.pdf
GENESIS MINERALS LIMITED,http://www.genesisminerals.com.au/downloads/announcements/gmd20140821.pdf
GENESIS MINERALS LIMITED,http://www.genesisminerals.com.au/downloads/announcements/gmd20140709.pdf
GENESIS MINERALS LIMITED,http://www.genesisminerals.com.au/downloads/announcements/gmd20140617.pdf
GENESIS MINERALS LIMITED,http://www.genesisminerals.com.au/downloads/announcements/gmd20140429.pdf
GENESIS MINERALS LIMITED,http://www.genesisminerals.com.au/downloads/announcements/gmd20140321.pdf
GENESIS MINERALS LIMITED,http://www.genesisminerals.com.au/downloads/announcements/gmd20131129.pdf
GENESIS MINERALS LIMITED,http://www.genesisminerals.com.au/downloads/announcements/gmd20131028.pdf
GENESIS MINERALS LIMITED,http://www.genesisminerals.com.au/downloads/announcements/gmd20130529.pdf
GENESIS MINERALS LIMITED,http://www.genesisminerals.com.au/downloads/announcements/gmd20130325.pdf
GENESIS MINERALS LIMITED,http://www.genesisminerals.com.au/downloads/announcements/gmd20121217.pdf
GENESIS MINERALS LIMITED,http://www.genesisminerals.com.au/downloads/announcements/gmd20121127a.pdf
GENESIS MINERALS LIMITED,http://www.genesisminerals.com.au/downloads/announcements/gmd20121017.pdf
GENESIS MINERALS LIMITED,http://www.genesisminerals.com.au/downloads/announcements/gmd20120928.pdf
GENESIS MINERALS LIMITED,http://www.genesisminerals.com.au/downloads/announcements/gmd20120730.pdf
GENESIS MINERALS LIMITED,http://www.genesisminerals.com.au/downloads/announcements/gmd20120427.pdf
GENESIS MINERALS LIMITED,http://www.genesisminerals.com.au/downloads/announcements/gmd20120321.pdf
GENESIS MINERALS LIMITED,http://www.genesisminerals.com.au/downloads/announcements/gmd20111207.pdf
GENESIS MINERALS LIMITED,http://www.genesisminerals.com.au/downloads/announcements/gmd20111124.pdf
GENESIS MINERALS LIMITED,http://www.genesisminerals.com.au/downloads/announcements/gmd20111011.pdf
GENESIS MINERALS LIMITED,http://www.genesisminerals.com.au/downloads/announcements/gmd20110608.pdf
GENESIS MINERALS LIMITED,http://www.genesisminerals.com.au/downloads/announcements/gmd20110118.pdf
GENESIS MINERALS LIMITED,http://www.genesisminerals.com.au/downloads/announcements/gmd20101130.pdf
GENESIS MINERALS LIMITED,http://www.genesisminerals.com.au/downloads/announcements/gmd20080923.pdf
GENESIS MINERALS LIMITED,http://www.genesisminerals.com.au/downloads/announcements/gmd20080701.pdf
GENESIS MINERALS LIMITED,http://www.genesisminerals.com.au/downloads/announcements/gmd20080516.pdf
TESORO RESOURCES LIMITED,https://www.tesororesources.com.au/wp-content/uploads/2021/04/38_TSO_ASX_Ternera-East-Discovery_13-April-2021.pdf
TESORO RESOURCES LIMITED,https://www.tesororesources.com.au/wp-content/uploads/2021/01/02329569.pdf
VANGO MINING LIMITED,https://6b850ea5-64c7-4b16-bb2b-42df9029e4a1.filesusr.com/ugd/4990a3_73b969fca96b4fadb043577fe34b5787.pdf
VANGO MINING LIMITED,https://6b850ea5-64c7-4b16-bb2b-42df9029e4a1.filesusr.com/ugd/4990a3_a797a77d2b244cb0a224ce3e56c833a6.pdf
VANGO MINING LIMITED,https://6b850ea5-64c7-4b16-bb2b-42df9029e4a1.filesusr.com/ugd/4990a3_4ccc3c5e240b44c0a1d9f6de807f0eee.pdf
VANGO MINING LIMITED,https://6b850ea5-64c7-4b16-bb2b-42df9029e4a1.filesusr.com/ugd/4990a3_cb7cc031ca6d440f85e910bf8f00d08b.pdf
VANGO MINING LIMITED,https://6b850ea5-64c7-4b16-bb2b-42df9029e4a1.filesusr.com/ugd/4990a3_34263b13590846698531e9b58c148f7d.pdf
VANGO MINING LIMITED,https://6b850ea5-64c7-4b16-bb2b-42df9029e4a1.filesusr.com/ugd/4990a3_e7ac9a9c61b441a2aca5d3f8373f80a8.pdf
VANGO MINING LIMITED,https://6b850ea5-64c7-4b16-bb2b-42df9029e4a1.filesusr.com/ugd/4990a3_3a1164aa621048399fa3bacbdc0c9f63.pdf
VANGO MINING LIMITED,https://6b850ea5-64c7-4b16-bb2b-42df9029e4a1.filesusr.com/ugd/4990a3_304fef713ef24b839579d2069788041e.pdf
VANGO MINING LIMITED,https://6b850ea5-64c7-4b16-bb2b-42df9029e4a1.filesusr.com/ugd/4990a3_a0c7e6f2509f4efd9fc44ca5545c748a.pdf
VANGO MINING LIMITED,https://6b850ea5-64c7-4b16-bb2b-42df9029e4a1.filesusr.com/ugd/4990a3_a1204c8a08034758a3f23daf19b681c1.pdf
VANGO MINING LIMITED,https://6b850ea5-64c7-4b16-bb2b-42df9029e4a1.filesusr.com/ugd/4990a3_a8f6bff040194656b2d9eb6be2d902f5.pdf
VANGO MINING LIMITED,https://6b850ea5-64c7-4b16-bb2b-42df9029e4a1.filesusr.com/ugd/4990a3_f355d33101024d939173ec7b1a689490.pdf
VANGO MINING LIMITED,https://6b850ea5-64c7-4b16-bb2b-42df9029e4a1.filesusr.com/ugd/4990a3_f95004b80a3d42409a67bad74652b3bb.pdf
VANGO MINING LIMITED,https://6b850ea5-64c7-4b16-bb2b-42df9029e4a1.filesusr.com/ugd/4990a3_785b6b73a96f47d4a025f89a41d9f58c.pdf
VANGO MINING LIMITED,https://6b850ea5-64c7-4b16-bb2b-42df9029e4a1.filesusr.com/ugd/4990a3_5cee741f994c469d967cbf0498a7ecdb.pdf
AUSGOLD LIMITED,http://www.ausgoldlimited.com/site/PDF/4cb50a21-e079-492e-bf6c-749fd1c141be/WoodanillingdrillingintersectsCuAgAumineralisation
CANYON RESOURCES LIMITED,https://www.canyonresources.com.au/wp-content/uploads/2021/02/6A1019848_CAY.pdf
ARDEA RESOURCES LIMITED,http://www.ardearesources.com.au/downloads/announcements/arl_2021041901.pdf
ARDEA RESOURCES LIMITED,http://www.ardearesources.com.au/downloads/announcements/arl_2021033001.pdf
ARDEA RESOURCES LIMITED,http://www.ardearesources.com.au/downloads/announcements/arl_2021030201.pdf
SATURN METALS LIMITED,https://saturnmetals.com.au/wp-content/uploads/2021/04/210414-STN-Apollo-Hill-April-2021-RC-Drilling-Results-FINAL.pdf
SATURN METALS LIMITED,https://saturnmetals.com.au/wp-content/uploads/2021/03/210330-STN-Apollo-Hill-March-2021-GC-Drilling-Results-FINAL.pdf
SIHAYO GOLD LIMITED,https://www.sihayogold.com:443/site/PDF/21ed86b3-1f4e-4d31-a92e-e52a820b7f1b/FinalResultsHutabargotDrilling
SIHAYO GOLD LIMITED,https://www.sihayogold.com:443/site/PDF/67e8c8fe-7424-4c1b-97fb-faf6aee020bf/DrillingupdatefromHutabargotJulu
SIHAYO GOLD LIMITED,https://www.sihayogold.com:443/site/PDF/e9c40ce2-3c17-4112-bcbb-e470ed05650d/UpdateonDrillingProgram
SIHAYO GOLD LIMITED,https://www.sihayogold.com:443/site/PDF/76857658-6da0-4454-ab88-d95421e1feca/CommencementofDrilling
SIHAYO GOLD LIMITED,https://www.sihayogold.com:443/site/PDF/da2b846e-fa08-4ccd-8a39-fd593958a90b/UpdateonExplorationdrilling
SIHAYO GOLD LIMITED,https://www.sihayogold.com:443/site/PDF/9799222c-1846-4bb6-b9be-a81d0ddcb8b5/ExplorationPermitReceived
SIHAYO GOLD LIMITED,https://www.sihayogold.com:443/site/PDF/a134a45b-2989-4192-907f-bd2462766ca2/EncouragingDrillResults
SIHAYO GOLD LIMITED,https://www.sihayogold.com:443/site/PDF/0e8b700f-5f2f-41bb-baeb-310433a5e7c3/SihayoInfillDrillingUpdate
SIHAYO GOLD LIMITED,https://www.sihayogold.com:443/site/PDF/b673e9e3-20f0-4c13-a7ce-5da92e1c66e8/DrillingCommencesatSihayo
SIHAYO GOLD LIMITED,https://www.sihayogold.com:443/site/PDF/3f3353b5-2a99-4aaa-a786-63fc432aebcb/SihayoPungkutContractofWorkExplorationReview
SIHAYO GOLD LIMITED,https://www.sihayogold.com:443/site/PDF/3197943b-586b-4aed-ac8f-02f243fa7182/SAMBUNGRESOURCEDRILLINGUPDATE
SIHAYO GOLD LIMITED,https://www.sihayogold.com:443/site/PDF/39c8eda2-dbb2-441b-b2cd-3a05f72ef139/SambungDrillingUpdate
SIHAYO GOLD LIMITED,https://www.sihayogold.com:443/site/PDF/12f923f5-7f18-42b2-be9e-c75fb993646e/Sambungdrillingupdateamendment
KAISER REEF LIMITED,https://3454d9f6-dee4-481a-b739-d60cb583677f.filesusr.com/ugd/61bdb5_33c3a9e44d5545518e0956e764475566.pdf
KAISER REEF LIMITED,https://3454d9f6-dee4-481a-b739-d60cb583677f.filesusr.com/ugd/61bdb5_ac7456d927874dd2b146d936c80dddc8.pdf
KAISER REEF LIMITED,https://3454d9f6-dee4-481a-b739-d60cb583677f.filesusr.com/ugd/61bdb5_6647c3eaeb924bba9e587e275960ecf1.pdf
ARGONAUT RESOURCES NL,https://www.argonautresources.com:443/site/PDF/3180d8e5-8160-4982-9f0f-785e9b3c4250/MurdieProjectDrillingUpdate
ARGONAUT RESOURCES NL,https://www.argonautresources.com:443/site/PDF/0c232826-5a8f-48d2-a4c2-3e54c192c26d/MurdieProjectDrillingCommenced
ARGONAUT RESOURCES NL,https://www.argonautresources.com:443/site/PDF/35c113f2-5c61-4447-9ca8-40ba6258877c/MurdieProjectDrillingRigMobilisedtoSite
ARGONAUT RESOURCES NL,https://www.argonautresources.com:443/site/PDF/9942c84c-a41e-4342-a890-cf2cf186504e/UraniumExplorationAssetsFromeProject
ARGONAUT RESOURCES NL,https://www.argonautresources.com:443/site/PDF/93afc100-8bd8-430a-a7b7-ea4d215ae952/MurdieProjectGravitySurveyandDrillingTargets
ARGONAUT RESOURCES NL,https://www.argonautresources.com:443/site/PDF/4591a79c-a614-42cd-9c12-be1668d4da7d/MurdieProjectDrillingContractExecuted
ARGONAUT RESOURCES NL,https://www.argonautresources.com:443/site/PDF/f43169aa-a0f2-40ef-9509-1610f93bd097/MurdieProjectFinalDrillingAuthorisationGranted
ARGONAUT RESOURCES NL,https://www.argonautresources.com:443/site/PDF/3b6a758d-b243-4938-90d5-9caf80e4bcba/AISTORRENSEXPLORATIONPROJECTUPDATE
ARGONAUT RESOURCES NL,https://www.argonautresources.com:443/site/PDF/32a7c237-e45e-4758-8a5b-0bea370d4448/FasttrackedDrillingIslandGoldProspectHigginsvilleWA
ARGONAUT RESOURCES NL,https://www.argonautresources.com:443/site/PDF/838f44ed-67c1-4c4c-bf32-44c2dc05b079/CommencementofHigginsvilleDrillingProgram
ARGONAUT RESOURCES NL,https://www.argonautresources.com:443/site/PDF/582ec06c-73d7-4f57-a98c-a6739c022bb6/ArgonauttoDrillSecondHigginsvilleGoldProspect
ARGONAUT RESOURCES NL,https://www.argonautresources.com:443/site/PDF/20d64ce8-4d93-4a8b-8ae7-60f47b3a78be/IslandGoldProspectDrillingtoCommenceJune2020
ARGONAUT RESOURCES NL,https://www.argonautresources.com:443/site/PDF/12e9ea05-865f-4cbc-897a-436a8a5af807/HigginsvilleDrillingProgram
ARGONAUT RESOURCES NL,https://www.argonautresources.com:443/site/PDF/b9078f71-92ed-47f0-a42c-b686b8836e39/CurtailmentbyAerisofTorrensStage1DrillingProgram
ARGONAUT RESOURCES NL,https://www.argonautresources.com:443/site/PDF/61dc9ac6-caf8-45b9-ae3e-37edb174622c/TorrensDrillingOperationalDifficultiesOvercome
ARGONAUT RESOURCES NL,https://www.argonautresources.com:443/site/PDF/49d91a36-019b-4bae-9b69-26fa35537b33/AISTorrensExplorationProjDrillingUpdate
ARGONAUT RESOURCES NL,https://www.argonautresources.com:443/site/PDF/ac3a9932-424e-4357-ae85-ac7750ccaa8c/TorrensDrillingRecommences
ARGONAUT RESOURCES NL,https://www.argonautresources.com:443/site/PDF/4d1a893b-eb03-4e20-b046-8f87598af90b/AISTORRENSPROJECTDRILLINGUPDATE
ARGONAUT RESOURCES NL,https://www.argonautresources.com:443/site/PDF/92503206-9ccb-4889-9034-08a622433338/TorrensDrillingUpdate
ARGONAUT RESOURCES NL,https://www.argonautresources.com:443/site/PDF/bdff14c5-e64f-4223-b40c-5eea55d2ddad/TorrensDrillingStarts
ARGONAUT RESOURCES NL,https://www.argonautresources.com:443/site/PDF/9a2b596f-9ee1-4764-a4e8-ec4a2b6750e3/TorrensDrillingRigMobilisedtoSite
ARGONAUT RESOURCES NL,https://www.argonautresources.com:443/site/PDF/639c6faf-e6ae-47d2-a139-ff187dce4f63/AISTORRENSEXPLORATIONUPDATE
ARGONAUT RESOURCES NL,https://www.argonautresources.com:443/site/PDF/4a3f37da-fc76-4b05-b3d9-d270786d74c3/AISTORRENSEXPLORATIONUPDATE
ARGONAUT RESOURCES NL,https://www.argonautresources.com:443/site/PDF/8836be70-6782-46f1-97c3-546cf481d551/TorrensJointVenturersAgreeStageOneDrillingProgram
ARGONAUT RESOURCES NL,https://www.argonautresources.com:443/site/PDF/0b0cf75b-aace-4027-9bba-5ca55dde3973/TorrensGeophysicalResultsShowNumerousLargeIOCGTargets
ARGONAUT RESOURCES NL,https://www.argonautresources.com:443/site/PDF/31a95976-8ce6-4f5b-b8c3-ecc7722b2fa8/FinalTorrensDrillingAuthorisationGranted
ARGONAUT RESOURCES NL,https://www.argonautresources.com:443/site/PDF/d615514a-506c-425c-9be3-ca2a62215e55/HigginsvilleDrillingUpdate
ARGONAUT RESOURCES NL,https://www.argonautresources.com:443/site/PDF/f1c198af-c716-4cf9-8109-10cbb73a085c/HigginsvilleDrillingCommenced
ARGONAUT RESOURCES NL,https://www.argonautresources.com:443/site/PDF/db0f25a7-9bad-4184-a79b-8d69a00b40cc/HigginsvilleGoldDrillingtoCommence
ARGONAUT RESOURCES NL,https://www.argonautresources.com:443/site/PDF/8f061b7a-b052-499c-a09b-ee806bd9ace6/CrescentLakeLithiumProjectDrillInterceptsGeology
ARGONAUT RESOURCES NL,https://www.argonautresources.com:443/site/PDF/0f17dc20-fea5-47b6-b1ca-3fc0b6dbd88f/DrillingtoCommenceatCrescentLakeLithiumProject
ARGONAUT RESOURCES NL,https://www.argonautresources.com:443/site/PDF/a6a2c351-ae54-4e34-9875-b2eadb120d78/AISTORRENSPROJECTEXPLORATIONACCESSUPDATE
ARGONAUT RESOURCES NL,https://www.argonautresources.com:443/site/PDF/65a4d6f0-7174-40eb-9bc7-fa22e08e761f/TorrensProjectExplorationAccessUpdate
ARGONAUT RESOURCES NL,https://www.argonautresources.com:443/site/PDF/421d3870-a46e-4362-867f-dcd39ca2dbcb/ExplorationUpdateLumwanaWestZambia
ARGONAUT RESOURCES NL,https://www.argonautresources.com:443/site/PDF/e69e7303-b78c-4fc2-93be-612be718ff62/ExplorationUpdateAlfordSouthAustralia
ARGONAUT RESOURCES NL,https://www.argonautresources.com:443/site/PDF/63b95ab1-83b5-4b68-a797-6f7ab90ca0ad/ExplorationUpdateLumwanaWestZambia
ARGONAUT RESOURCES NL,https://www.argonautresources.com:443/site/PDF/68d7e3bc-8f7b-4cba-82b0-c4fb481f3883/ExplorationUpdateLumwanaWestZambia
ARGONAUT RESOURCES NL,https://www.argonautresources.com:443/site/PDF/18375ee4-5a08-4927-86a8-e3fc7d3f428c/DrillInterceptsLumwanaWestprojectinZambia
ARGONAUT RESOURCES NL,https://www.argonautresources.com:443/site/PDF/ca9286e9-001b-425d-8000-4f2de400c067/ExplorationUpdate
ARGONAUT RESOURCES NL,https://www.argonautresources.com:443/site/PDF/f68ff16f-960b-42c2-a661-dfc80accefbc/AircoredrillingcommencesatAlfordprojectSA
ARGONAUT RESOURCES NL,https://www.argonautresources.com:443/site/PDF/87f9a61d-7f33-4f1f-9a28-3545d29e7cf8/DrillingcommencesatLumwanaWestprojectinZambia
SIREN GOLD LIMITED,https://www.sirengold.com.au:443/site/PDF/3f93d26a-ccda-4fa6-89c1-d10d7becb451/SirenContinuesDrillingSuccessatReefton
SIREN GOLD LIMITED,https://www.sirengold.com.au:443/site/PDF/978968da-6134-4096-a043-e08dfbafcc73/Successful10MIPOExplorationUnderway
GOLDEN RIM RESOURCES LTD,http://www.goldenrim.com.au/site/PDF/d4060fcf-8fef-40e1-b52d-0ad2ff442052/GMRcommencesdiamonddrillingatKadaGoldProject
GOLDEN RIM RESOURCES LTD,http://www.goldenrim.com.au/site/PDF/5f85a55d-be1f-443b-8cb6-e81a2c101d8b/GMRcommencesdrillingonhighgradeDiabatouGoldShoot
NEXUS MINERALS LIMITED,http://www.nexus-minerals.com/investor-reports/asx-announcements/591-diamond-drilling-commences-at-wallbrook-9-march-2021/file
NEXUS MINERALS LIMITED,http://www.nexus-minerals.com/investor-reports/asx-announcements/589-exploration-update-16-february-2021/file
NEXUS MINERALS LIMITED,http://www.nexus-minerals.com/investor-reports/asx-announcements/582-spectacular-high-grade-gold-intersected-in-crusader-drilling-7-december-2020/file
NEXUS MINERALS LIMITED,http://www.nexus-minerals.com/investor-reports/asx-announcements/569-high-grade-gold-from-wallbrook-branches-prospect-drilling-23-november-2020/file
ORMINEX LTD,http://orminex.com.au//wp-content/uploads/MultipleHighGradeDrillingIntersectionsAtPennysFind14Apr21.pdf
KINGWEST RESOURCES LIMITED,http://www.kingwestresources.com.au/uploads/1/1/9/3/119351235/20210420_menzies-extensional-drilling-success.pdf
KINGWEST RESOURCES LIMITED,http://www.kingwestresources.com.au/uploads/1/1/9/3/119351235/20210325_menzies-drilling-includes-broad-high-grades-and-a-new-lode.pdf
KINGWEST RESOURCES LIMITED,http://www.kingwestresources.com.au/uploads/1/1/9/3/119351235/20210127_exploration-update---kwr-strategy-successful-on-all-fronts.pdf
NORTH STAWELL MINERALS LTD,http://www.northstawellminerals.com/s/02362888.pdf
NORTH STAWELL MINERALS LTD,http://www.northstawellminerals.com/s/02354576.pdf
NORTH STAWELL MINERALS LTD,http://www.northstawellminerals.com/s/02331921.pdf
NORTH STAWELL MINERALS LTD,http://www.northstawellminerals.com/s/02317325.pdf
NORTH STAWELL MINERALS LTD,http://www.northstawellminerals.com/s/02315945.pdf
NORTH STAWELL MINERALS LTD,http://www.northstawellminerals.com/s/Drilling-to-commence-at-Wildwood-Dome-in-the-Stawell-Gold-Region.pdf
DISCOVEX RESOURCES LIMITED,http://discovexresources.com.au/wp-content/uploads/2021/02/20210224-DCX-ASX-ANNOUNCEMENT-Newington-Drilling-FINAL.pdf
DISCOVEX RESOURCES LIMITED,http://discovexresources.com.au/wp-content/uploads/2021/02/20210208-DCX-Si6-ASX-Drilling-Update.pdf
DISCOVEX RESOURCES LIMITED,http://discovexresources.com.au/wp-content/uploads/2020/10/20201005-DCX-ASX-ANNOUNCEMENT-RC-Drilling-at-Hornet-FINAL.pdf
DISCOVEX RESOURCES LIMITED,http://discovexresources.com.au/wp-content/uploads/2020/02/SMDASXAnnouncement-MaidenNewingtonDrillProgram230819Final.pdf
DISCOVEX RESOURCES LIMITED,http://discovexresources.com.au/wp-content/uploads/2020/02/SMDASXAnnouncement-DrillingCommencesatNewingtonFinal.pdf
DISCOVEX RESOURCES LIMITED,http://discovexresources.com.au/wp-content/uploads/2020/02/SMDASXANNOUNCEMENT-MonumentOverview-180913FINAL.pdf
DISCOVEX RESOURCES LIMITED,http://discovexresources.com.au/wp-content/uploads/2020/02/SMDASXAnnouncement-ExerciseofOptionbyCarnabyResourcesFINAL.pdf
DISCOVEX RESOURCES LIMITED,http://discovexresources.com.au/wp-content/uploads/2020/02/SMDASXAnnouncement-NewDrillingProgramCommencesatMonumentFINAL.pdf
DART MINING NL,https://dartmining.com.au/wp-content/uploads/Granite-Flat-High-Grade-Gold-Silver-Copper-Drill-Results.pdf
DART MINING NL,https://dartmining.com.au/wp-content/uploads/Exploration-Strategy-and-Tenement-Status-Update.pdf
DART MINING NL,https://dartmining.com.au/wp-content/uploads/02319143.pdf
DART MINING NL,https://dartmining.com.au/wp-content/uploads/Drilling-Commenced-Historic-Rushworth-Goldfield.pdf
DART MINING NL,https://dartmining.com.au/wp-content/uploads/02306203.pdf
DART MINING NL,https://dartmining.com.au/wp-content/uploads/02295272.pdf
DART MINING NL,https://dartmining.com.au/wp-content/uploads/02293661.pdf
DART MINING NL,https://dartmining.com.au/wp-content/uploads/02275653.pdf
DART MINING NL,https://dartmining.com.au/wp-content/uploads/02247998.pdf
DART MINING NL,https://dartmining.com.au/wp-content/uploads/02241713.pdf
DART MINING NL,https://dartmining.com.au/wp-content/uploads/44c411603mwtlt.pdf
DART MINING NL,https://dartmining.com.au/wp-content/uploads/440p7n36ld7v86.pdf
DART MINING NL,https://dartmining.com.au/wp-content/uploads/4408hg4lyb2bpy.pdf
NELSON RESOURCES LIMITED,https://cdn-api.markitdigital.com/apiman-gateway/ASX/asx-research/1.0/file/2924-02342951-6A1020895?access_token=83ff96335c2d45a094df02a206a39ff4
NELSON RESOURCES LIMITED,https://cdn-api.markitdigital.com/apiman-gateway/ASX/asx-research/1.0/file/2924-02332808-6A1016462?access_token=83ff96335c2d45a094df02a206a39ff4
NELSON RESOURCES LIMITED,https://cdn-api.markitdigital.com/apiman-gateway/ASX/asx-research/1.0/file/2924-02328244-6A1014770?access_token=83ff96335c2d45a094df02a206a39ff4
NELSON RESOURCES LIMITED,https://secureservercdn.net/198.71.233.9/eb2.ffb.myftpupload.com/wp-content/uploads/2020/12/02323979.pdf
NELSON RESOURCES LIMITED,https://secureservercdn.net/198.71.233.9/eb2.ffb.myftpupload.com/wp-content/uploads/2020/11/023157971.pdf
NELSON RESOURCES LIMITED,https://secureservercdn.net/198.71.233.9/eb2.ffb.myftpupload.com/wp-content/uploads/2020/09/02282505.pdf
NELSON RESOURCES LIMITED,https://secureservercdn.net/198.71.233.9/eb2.ffb.myftpupload.com/wp-content/uploads/2020/09/02281091.pdf
NELSON RESOURCES LIMITED,https://secureservercdn.net/198.71.233.9/eb2.ffb.myftpupload.com/wp-content/uploads/2019/11/02178355.pdf
NELSON RESOURCES LIMITED,https://secureservercdn.net/198.71.233.9/eb2.ffb.myftpupload.com/wp-content/uploads/2018/11/02046842.pdf
NELSON RESOURCES LIMITED,https://secureservercdn.net/198.71.233.9/eb2.ffb.myftpupload.com/wp-content/uploads/2018/07/01998270.pdf
TERRAIN MINERALS LIMITED,http://www.terrainminerals.com.au/upload/documents/InvestorRelations/Releases/FinalJVDraft-DrillingUpdate-ProgramDesignCompleted.pdf
TERRAIN MINERALS LIMITED,http://www.terrainminerals.com.au/upload/documents/InvestorRelations/Releases/20201203NewTenementParadiseCityHistResultsatSmokebush.pdf
TERRAIN MINERALS LIMITED,http://www.terrainminerals.com.au/upload/documents/InvestorRelations/Releases/20201105StartofDrillingWild-viperUpdate.docxFinal.pdf
GOLDEN DEEPS LIMITED,https://www.goldendeeps.com/wp-content/uploads/2021/04/Higher_Gold_Grade_Tuckers_Hill__Drilling_Approvals_Progress.pdf
GOLDEN DEEPS LIMITED,https://www.goldendeeps.com/wp-content/uploads/2021/04/Drilling_to_Commence_Historical_Nosib_CopperVanadium_Mine.pdf
GOLDEN DEEPS LIMITED,https://www.goldendeeps.com/wp-content/uploads/2021/03/Drilling_to_Commence_at_Khusib_Springs_CopperSilver_Deposit.pdf
CASTLE MINERALS LIMITED,http://www.castleminerals.com/downloads/announcements/cdt_2020112502.pdf
CASTLE MINERALS LIMITED,http://www.castleminerals.com/downloads/announcements/cdt_2020110501.pdf
CASTLE MINERALS LIMITED,http://www.castleminerals.com/downloads/announcements/cdt_2020101401.pdf
CASTLE MINERALS LIMITED,http://www.castleminerals.com/downloads/announcements/cdt_2020081901.pdf
CASTLE MINERALS LIMITED,http://www.castleminerals.com/downloads/announcements/cdt_2020071301.pdf
CASTLE MINERALS LIMITED,http://www.castleminerals.com/downloads/announcements/cdt_2020062902.pdf
CASTLE MINERALS LIMITED,http://www.castleminerals.com/downloads/announcements/cdt_2019111401.pdf
CASTLE MINERALS LIMITED,http://www.castleminerals.com/downloads/announcements/cdt_2018111601.pdf
CASTLE MINERALS LIMITED,http://www.castleminerals.com/downloads/announcements/cdt_2018041601.pdf
CASTLE MINERALS LIMITED,http://www.castleminerals.com/downloads/announcements/cdt_2017112301.pdf
CASTLE MINERALS LIMITED,http://www.castleminerals.com/downloads/announcements/cdt_2017111302.pdf
CASTLE MINERALS LIMITED,http://www.castleminerals.com/downloads/announcements/cdt_2016112201.pdf
CASTLE MINERALS LIMITED,http://www.castleminerals.com/downloads/announcements/cdt_2016081001.pdf
CASTLE MINERALS LIMITED,http://www.castleminerals.com/downloads/announcements/cdt_20140730.pdf
CASTLE MINERALS LIMITED,http://www.castleminerals.com/downloads/announcements/cdt_20140218.pdf
CASTLE MINERALS LIMITED,http://www.castleminerals.com/downloads/announcements/cdt_20140128.pdf
CASTLE MINERALS LIMITED,http://www.castleminerals.com/downloads/announcements/cdt_20131203.pdf
CASTLE MINERALS LIMITED,http://www.castleminerals.com/downloads/announcements/cdt_20130704.pdf
CASTLE MINERALS LIMITED,http://www.castleminerals.com/downloads/announcements/cdt_20130524.pdf
CASTLE MINERALS LIMITED,http://www.castleminerals.com/downloads/announcements/cdt_20130523.pdf
CASTLE MINERALS LIMITED,http://www.castleminerals.com/downloads/announcements/cdt_20130506.pdf
CASTLE MINERALS LIMITED,http://www.castleminerals.com/downloads/announcements/cdt_20130320.pdf
CASTLE MINERALS LIMITED,http://www.castleminerals.com/downloads/announcements/cdt_20130115.pdf
CASTLE MINERALS LIMITED,http://www.castleminerals.com/downloads/announcements/cdt_20121217.pdf
CASTLE MINERALS LIMITED,http://www.castleminerals.com/downloads/announcements/cdt_20121127.pdf
CASTLE MINERALS LIMITED,http://www.castleminerals.com/downloads/announcements/cdt_20120926.pdf
CASTLE MINERALS LIMITED,http://www.castleminerals.com/downloads/announcements/cdt_20120917.pdf
CASTLE MINERALS LIMITED,http://www.castleminerals.com/downloads/announcements/cdt_20120906.pdf
CASTLE MINERALS LIMITED,http://www.castleminerals.com/downloads/announcements/cdt_20120507.pdf
CASTLE MINERALS LIMITED,http://www.castleminerals.com/downloads/announcements/cdt_20120323.pdf
CASTLE MINERALS LIMITED,http://www.castleminerals.com/downloads/announcements/cdt_20120321.pdf
CASTLE MINERALS LIMITED,http://www.castleminerals.com/downloads/announcements/cdt_20120220.pdf
CASTLE MINERALS LIMITED,http://www.castleminerals.com/downloads/announcements/cdt_20111110.pdf
CASTLE MINERALS LIMITED,http://www.castleminerals.com/downloads/announcements/cdt_20110914.pdf
CASTLE MINERALS LIMITED,http://www.castleminerals.com/downloads/announcements/cdt_20110913.pdf
CASTLE MINERALS LIMITED,http://www.castleminerals.com/downloads/announcements/cdt_20110713.pdf
CASTLE MINERALS LIMITED,http://www.castleminerals.com/downloads/announcements/cdt_20110624.pdf
CASTLE MINERALS LIMITED,http://www.castleminerals.com/downloads/announcements/cdt_20110620.pdf
CASTLE MINERALS LIMITED,http://www.castleminerals.com/downloads/announcements/cdt_20110526.pdf
CASTLE MINERALS LIMITED,http://www.castleminerals.com/downloads/announcements/cdt_20110519a.pdf
CASTLE MINERALS LIMITED,http://www.castleminerals.com/downloads/announcements/cdt_20110309a.pdf
CASTLE MINERALS LIMITED,http://www.castleminerals.com/downloads/announcements/cdt_20101213.pdf
CASTLE MINERALS LIMITED,http://www.castleminerals.com/downloads/announcements/cdt_20101201.pdf
CASTLE MINERALS LIMITED,http://www.castleminerals.com/downloads/announcements/cdt_20101026.pdf
CASTLE MINERALS LIMITED,http://www.castleminerals.com/downloads/announcements/cdt_20101015.pdf
CASTLE MINERALS LIMITED,http://www.castleminerals.com/downloads/announcements/cdt_20100930.pdf
CASTLE MINERALS LIMITED,http://www.castleminerals.com/downloads/announcements/cdt_20100901.pdf
CASTLE MINERALS LIMITED,http://www.castleminerals.com/downloads/announcements/cdt_20100709.pdf
CASTLE MINERALS LIMITED,http://www.castleminerals.com/downloads/announcements/cdt_20100615.pdf
CASTLE MINERALS LIMITED,http://www.castleminerals.com/downloads/announcements/cdt_20100518.pdf
CASTLE MINERALS LIMITED,http://www.castleminerals.com/downloads/announcements/cdt_20100506.pdf
CASTLE MINERALS LIMITED,http://www.castleminerals.com/downloads/announcements/cdt_20100322.pdf
CASTLE MINERALS LIMITED,http://www.castleminerals.com/downloads/announcements/cdt_20091222a.pdf
CASTLE MINERALS LIMITED,http://www.castleminerals.com/downloads/announcements/cdt_20091124.pdf
CASTLE MINERALS LIMITED,http://www.castleminerals.com/downloads/announcements/cdt_20090505.pdf
CASTLE MINERALS LIMITED,http://www.castleminerals.com/downloads/announcements/cdt_20090311.pdf
CASTLE MINERALS LIMITED,http://www.castleminerals.com/downloads/announcements/cdt_20090210.pdf
CASTLE MINERALS LIMITED,http://www.castleminerals.com/downloads/announcements/cdt_20081209.pdf
CASTLE MINERALS LIMITED,http://www.castleminerals.com/downloads/announcements/cdt_20081119.pdf
CASTLE MINERALS LIMITED,http://www.castleminerals.com/downloads/announcements/cdt_20080805.pdf
CASTLE MINERALS LIMITED,http://www.castleminerals.com/downloads/announcements/cdt_20080502.pdf
CASTLE MINERALS LIMITED,http://www.castleminerals.com/downloads/announcements/cdt_20080326f.pdf
CASTLE MINERALS LIMITED,http://www.castleminerals.com/downloads/announcements/cdt_20080221.pdf
CASTLE MINERALS LIMITED,http://www.castleminerals.com/downloads/announcements/cdt_20071203.pdf
CASTLE MINERALS LIMITED,http://www.castleminerals.com/downloads/announcements/cdt_20071009.pdf
CASTLE MINERALS LIMITED,http://www.castleminerals.com/downloads/announcements/cdt_20070910.pdf
CASTLE MINERALS LIMITED,http://www.castleminerals.com/downloads/announcements/cdt_20070829.pdf
CASTLE MINERALS LIMITED,http://www.castleminerals.com/downloads/announcements/cdt_20070622.pdf
CASTLE MINERALS LIMITED,http://www.castleminerals.com/downloads/announcements/cdt_20070607.pdf
CASTLE MINERALS LIMITED,http://www.castleminerals.com/downloads/announcements/cdt_20070321.pdf
CASTLE MINERALS LIMITED,http://www.castleminerals.com/downloads/announcements/cdt_20070214.pdf
CASTLE MINERALS LIMITED,http://www.castleminerals.com/downloads/announcements/cdt_20070124.pdf
CASTLE MINERALS LIMITED,http://www.castleminerals.com/downloads/announcements/cdt_20061212.pdf
CASTLE MINERALS LIMITED,http://www.castleminerals.com/downloads/announcements/cdt_20061114.pdf
CASTLE MINERALS LIMITED,http://www.castleminerals.com/downloads/announcements/cdt_20061110.pdf
CASTLE MINERALS LIMITED,http://www.castleminerals.com/downloads/announcements/cdt_20061006a.pdf
CASTLE MINERALS LIMITED,http://www.castleminerals.com/downloads/announcements/cdt_20060828.pdf
CASTLE MINERALS LIMITED,http://www.castleminerals.com/downloads/announcements/cdt_20060512a.pdf
CASTLE MINERALS LIMITED,http://www.castleminerals.com/downloads/announcements/cdt_20060502.pdf
ARUMA RESOURCES LIMITED,https://www.arumaresources.com/wp-content/uploads/2021/03/Aruma-to-Drill-Mt-Deans-Lithium-Project.pdf
SANTA FE MINERALS LTD,http://www.santafeminerals.com.au/assets/asx-announcements/1186/SFM_Drilling_Commenced_at_Brians_Patch.pdf
CERVANTES CORPORATION LIMITED,https://www.cervantescorp.com.au/wp-content/uploads/2021/01/210113-Successful-completion-of-drilling-at-Primrose.pdf
CERVANTES CORPORATION LIMITED,https://www.cervantescorp.com.au/wp-content/uploads/2020/10/201002-Drilling-underway-at-Primrose.pdf
CERVANTES CORPORATION LIMITED,https://www.cervantescorp.com.au/wp-content/uploads/2019/06/190624-Abbotts-Exploration-Update.pdf
CERVANTES CORPORATION LIMITED,https://www.cervantescorp.com.au/wp-content/uploads/2019/03/2019-01-02-014646181221_-_Assay_results_delayed__Prospectus_Closing_Date_Extended.pdf
CERVANTES CORPORATION LIMITED,https://www.cervantescorp.com.au/wp-content/uploads/2019/03/2018-12-11-020404181204_-_Cervantes_Completes_Albury_Heath_drilling.pdf
CERVANTES CORPORATION LIMITED,https://www.cervantescorp.com.au/wp-content/uploads/2019/03/2018-11-28-043047181126_-_Drilling_rig_mobilised_to_test_bonanza_grade_gold_at_Albury_Heath-1.pdf
CERVANTES CORPORATION LIMITED,https://www.cervantescorp.com.au/wp-content/uploads/2019/03/2018-06-28-005518180628_Albury_Heath_Drilling_Enhances_Resource_Potential.pdf
CERVANTES CORPORATION LIMITED,https://www.cervantescorp.com.au/wp-content/uploads/2019/03/2018-05-21-032622180521_-_Drilling_starts_on_the_Primrose_Project.pdf
CERVANTES CORPORATION LIMITED,https://www.cervantescorp.com.au/wp-content/uploads/2019/03/2018-05-16-083225180514_Resource_Drilling_Campaign_at_Albury_Heath_Completed.pdf
CERVANTES CORPORATION LIMITED,https://www.cervantescorp.com.au/wp-content/uploads/2019/03/2018-05-01-045140180501_-_Cervantes_to_Commence_Inaugural_Drilling_Programme.pdf
CERVANTES CORPORATION LIMITED,https://www.cervantescorp.com.au/wp-content/uploads/2019/03/2018-03-29-003556180328_-_Revised_Cervantes_commences_exploration_of_historic_gold_field.pdf
CERVANTES CORPORATION LIMITED,https://www.cervantescorp.com.au/wp-content/uploads/2019/03/2018-03-15-081648180315_Cervantes_commences_exploration_of_historic_gold_field-1.pdf
CERVANTES CORPORATION LIMITED,https://www.cervantescorp.com.au/wp-content/uploads/2019/03/2017-05-09-045929170504_-_Re-issue_of_Paynes_Find_Gold_Historical_Exploration_Results.pdf
CERVANTES CORPORATION LIMITED,https://www.cervantescorp.com.au/wp-content/uploads/2019/03/2013-02-05-012839Update_on_Gold_Exploration_Treatment_activities.pdf
CERVANTES CORPORATION LIMITED,https://www.cervantescorp.com.au/wp-content/uploads/2019/03/2012-05-03-07491428.11.2011.pdf
